{
  "mae": 21.7803095238095,
  "rmse": 22.192329136731846,
  "r2": 0.9341776240418274,
  "train_rows": 8,
  "test_rows": 2
}